{
  "links": {
    "self": "https://api.covidtracking.com/us/daily"
  },
  "meta": {
    "build_time": "2021-06-01T07:03:25.055Z",
    "license": "CC-BY-4.0",
    "version": "2.0-beta",
    "field_definitions": [
      {
        "name": "Total test results",
        "field": "tests.pcr.total",
        "deprecated": false,
        "prior_names": [
          "totalTestResults"
        ]
      }
    ]
  },
  "data": [
    {
      "date": "2021-03-07",
      "states": 56,
      "cases": {
        "total": {
          "value": 28756489,
          "calculated": {
            "population_percent": 8.6932,
            "change_from_prior_day": 41835,
            "seven_day_change_percent": 1.4
          }
        }
      }
    }
  ]
}
